City_ID,City,Country,Date,Lat,Lng,Max Temp,Humidity,Cloudiness,Wind Speed
0,Port Elizabeth,ZA,2022-02-06 00:12:24,-33.918,25.5701,69.1,84,46,18.7
1,Andra,RU,2022-02-06 00:12:25,62.5147,65.8878,5.0,96,87,4.99
2,Pilar,BR,2022-02-06 00:12:26,-9.5972,-35.9567,75.63,70,99,5.35
3,Sorong,ID,2022-02-06 00:12:27,-0.8833,131.25,81.79,79,100,11.34
4,Khatanga,RU,2022-02-06 00:12:28,71.9667,102.5,-20.45,98,99,3.78
5,Atuona,PF,2022-02-06 00:12:29,-9.8,-139.0333,78.33,79,11,21.99
6,Mar Del Plata,AR,2022-02-06 00:12:30,-38.0023,-57.5575,63.09,77,75,5.99
7,Fairbanks,US,2022-02-06 00:12:14,64.8378,-147.7164,14.22,78,100,0.0
8,Vaini,TO,2022-02-06 00:12:31,-21.2,-175.2,78.08,88,100,25.12
9,Huilong,CN,2022-02-06 00:11:22,31.8111,121.655,41.04,57,59,4.07
10,Hermanus,ZA,2022-02-06 00:12:33,-34.4187,19.2345,70.9,86,14,12.5
11,Avarua,CK,2022-02-06 00:12:34,-21.2078,-159.775,82.45,78,75,17.27
12,Yerbogachen,RU,2022-02-06 00:12:10,61.2767,108.0108,10.06,97,100,2.86
13,Kodiak,US,2022-02-06 00:08:54,57.79,-152.4072,38.71,93,100,17.27
14,Punta Arenas,CL,2022-02-06 00:09:10,-53.15,-70.9167,57.31,58,75,14.97
15,Zhigansk,RU,2022-02-06 00:12:37,66.7697,123.3711,-25.56,99,100,5.95
16,Pevek,RU,2022-02-06 00:12:16,69.7008,170.3133,-26.84,99,42,1.79
17,Busselton,AU,2022-02-06 00:12:38,-33.65,115.3333,68.04,71,16,7.43
18,Jamestown,US,2022-02-06 00:12:38,42.097,-79.2353,15.12,61,0,0.0
19,Lahaina,US,2022-02-06 00:12:40,20.8783,-156.6825,84.2,81,7,6.15
20,Bengkulu,ID,2022-02-06 00:12:40,-3.8004,102.2655,73.56,95,100,9.19
21,Muroto,JP,2022-02-06 00:12:42,33.2833,134.15,39.58,52,40,11.7
22,Coahuayana,MX,2022-02-06 00:12:42,18.7333,-103.6833,85.48,59,6,4.38
23,Mecca,SA,2022-02-06 00:09:01,21.4267,39.8261,61.3,46,1,6.17
24,Cherskiy,RU,2022-02-06 00:12:43,68.75,161.3,-30.57,98,21,1.25
25,Ilulissat,GL,2022-02-06 00:12:44,69.2167,-51.1,-3.59,79,100,6.53
26,Ushuaia,AR,2022-02-06 00:12:45,-54.8,-68.3,49.37,89,100,2.13
27,Albany,US,2022-02-06 00:11:02,42.6001,-73.9662,14.09,59,5,1.01
28,Taketa,JP,2022-02-06 00:12:47,32.9652,131.3785,31.78,52,69,9.28
29,Bredasdorp,ZA,2022-02-06 00:12:49,-34.5322,20.0403,68.29,89,67,10.38
30,Saint George,US,2022-02-06 00:12:49,37.1041,-113.5841,59.47,15,0,3.0
31,Mataura,NZ,2022-02-06 00:12:50,-46.1927,168.8643,57.47,53,97,3.8
32,Anadyr,RU,2022-02-06 00:12:51,64.75,177.4833,-22.22,98,63,5.01
33,Hithadhoo,MV,2022-02-06 00:09:24,-0.6,73.0833,81.59,72,36,6.73
34,Bambous Virieux,MU,2022-02-06 00:12:52,-20.3428,57.7575,79.21,81,96,17.34
35,Tazovskiy,RU,2022-02-06 00:12:53,67.4667,78.7,-16.42,100,82,6.96
36,Rikitea,PF,2022-02-06 00:09:59,-23.1203,-134.9692,79.45,71,71,12.24
37,Vardo,NO,2022-02-06 00:12:55,70.3705,31.1107,26.98,79,90,27.87
38,San Borja,BO,2022-02-06 00:12:55,-14.8167,-66.85,74.34,95,73,3.78
39,Cayenne,GF,2022-02-06 00:12:56,4.9333,-52.3333,80.1,85,20,5.99
40,Elk Grove,US,2022-02-06 00:12:11,38.4088,-121.3716,66.97,44,0,1.01
41,Puerto Ayora,EC,2022-02-06 00:12:57,-0.7393,-90.3518,76.55,90,64,3.0
42,Dikson,RU,2022-02-06 00:12:58,73.5069,80.5464,-19.97,100,99,2.86
43,Castro,BR,2022-02-06 00:12:59,-24.7911,-50.0119,65.59,97,79,1.54
44,Clyde River,CA,2022-02-06 00:10:11,70.4692,-68.5914,-28.97,75,100,2.3
45,Poltavka,RU,2022-02-06 00:14:00,54.3663,71.7632,3.83,80,100,8.32
46,Bethel,US,2022-02-06 00:14:01,41.3712,-73.414,23.58,70,0,3.0
47,Iqaluit,CA,2022-02-06 00:14:02,63.7506,-68.5145,-35.14,98,97,2.8
48,Forbes,AU,2022-02-06 00:14:02,-33.3833,148.0167,77.92,43,2,10.89
49,Kaitangata,NZ,2022-02-06 00:14:03,-46.2817,169.8464,55.92,56,94,6.69
50,Bolotnoye,RU,2022-02-06 00:14:04,55.6717,84.3981,6.42,88,100,5.55
51,Torbay,CA,2022-02-06 00:14:05,47.6666,-52.7314,47.75,96,100,24.16
52,Severo-Kurilsk,RU,2022-02-06 00:14:05,50.6789,156.125,29.62,81,95,7.43
53,Hobart,AU,2022-02-06 00:12:37,-42.8794,147.3294,71.02,53,40,1.99
54,Kutum,SD,2022-02-06 00:14:07,14.2,24.6667,51.33,22,53,9.8
55,Fortuna,US,2022-02-06 00:14:08,40.5982,-124.1573,64.92,60,0,1.01
56,Mount Gambier,AU,2022-02-06 00:10:09,-37.8333,140.7667,77.76,35,55,7.07
57,Ouallam,NE,2022-02-06 00:14:09,14.3188,2.0866,66.06,16,2,11.74
58,Oriximina,BR,2022-02-06 00:14:09,-1.7656,-55.8661,74.93,92,92,3.13
59,Kijang,KR,2022-02-06 00:14:10,35.2442,129.2139,28.71,40,2,11.39
60,Los Llanos De Aridane,ES,2022-02-06 00:14:11,28.6585,-17.9182,67.12,29,0,5.01
61,Opelousas,US,2022-02-06 00:14:11,30.5335,-92.0815,44.92,49,0,3.44
62,Port Hardy,CA,2022-02-06 00:14:12,50.6996,-127.4199,44.91,86,100,8.37
63,New Norfolk,AU,2022-02-06 00:14:13,-42.7826,147.0587,70.66,39,75,2.68
64,Gat,IL,2022-02-06 00:14:14,31.61,34.7642,52.39,100,82,8.05
65,Qasigiannguit,GL,2022-02-06 00:14:15,68.8193,-51.1922,-9.26,80,100,6.15
66,Port Alfred,ZA,2022-02-06 00:14:15,-33.5906,26.891,70.2,86,73,25.88
67,Ponta Delgada,PT,2022-02-06 00:13:46,37.7333,-25.6667,59.5,88,20,8.05
68,Marawi,PH,2022-02-06 00:14:16,7.9986,124.2928,68.65,73,16,3.06
69,Russell,US,2022-02-06 00:09:57,32.3502,-85.1999,44.2,68,0,5.44
70,Japura,ID,2022-02-06 00:14:18,-0.3167,102.35,72.79,98,95,2.93
71,Carnarvon,AU,2022-02-06 00:14:19,-24.8667,113.6333,80.67,78,100,13.8
72,Saldanha,ZA,2022-02-06 00:14:19,-33.0117,17.9442,68.07,70,43,4.34
73,Partur,IN,2022-02-06 00:14:20,19.6,76.2167,60.98,30,13,6.82
74,Bluff,NZ,2022-02-06 00:14:21,-46.6,168.3333,57.79,62,61,10.47
75,Nanortalik,GL,2022-02-06 00:14:22,60.1432,-45.2371,8.71,62,76,13.6
76,Balasheyka,RU,2022-02-06 00:14:22,53.2841,48.0851,21.15,96,100,4.43
77,Cap Malheureux,MU,2022-02-06 00:14:23,-19.9842,57.6142,79.47,77,100,5.99
78,Madisonville,US,2022-02-06 00:14:24,37.3281,-87.4989,26.46,91,5,3.47
79,Srednekolymsk,RU,2022-02-06 00:12:16,67.45,153.6833,-36.33,99,35,3.24
80,Akyab,MM,2022-02-06 00:14:25,20.15,92.9,65.14,92,48,10.07
81,Batticaloa,LK,2022-02-06 00:14:25,7.7102,81.6924,76.03,75,77,5.14
82,Necochea,AR,2022-02-06 00:14:26,-38.5473,-58.7368,60.04,66,100,19.77
83,Pedernales,DO,2022-02-06 00:13:47,18.0384,-71.744,76.05,71,21,3.31
84,Taltal,CL,2022-02-06 00:14:16,-25.4,-70.4833,68.43,72,22,4.45
85,Panguna,PG,2022-02-06 00:14:29,-6.3164,155.4848,83.14,59,60,2.89
86,Zhezkazgan,KZ,2022-02-06 00:14:29,47.8043,67.7144,12.47,80,94,13.31
87,Sept-Iles,CA,2022-02-06 00:14:30,50.2001,-66.3821,2.05,59,26,4.0
88,Krasnyy Luch,UA,2022-02-06 00:14:31,48.1395,38.9371,18.34,96,87,4.83
89,Aloleng,PH,2022-02-06 00:14:31,16.1307,119.7824,78.55,64,46,14.27
90,Qaanaaq,GL,2022-02-06 00:13:33,77.484,-69.3632,0.63,97,100,4.38
91,Seoul,KR,2022-02-06 00:12:51,37.5683,126.9778,22.44,67,41,1.59
92,Yellowknife,CA,2022-02-06 00:14:44,62.456,-114.3525,-13.59,86,97,5.99
93,Faanui,PF,2022-02-06 00:15:34,-16.4833,-151.75,81.16,73,14,20.58
94,Hilo,US,2022-02-06 00:15:35,19.7297,-155.09,78.53,78,100,9.22
95,Chardara,KZ,2022-02-06 00:15:36,41.2547,67.9692,47.84,60,100,23.73
96,Egvekinot,RU,2022-02-06 00:15:37,66.3167,-179.1667,-8.07,87,9,10.89
97,Hovd,MN,2022-02-06 00:15:37,48.0056,91.6419,-13.85,76,26,3.8
98,Saint Anthony,US,2022-02-06 00:15:21,45.0205,-93.218,26.29,69,100,5.01
99,Butaritari,KI,2022-02-06 00:15:39,3.0707,172.7902,82.67,74,51,18.7
100,Lewistown,US,2022-02-06 00:15:39,40.5992,-77.5714,24.42,79,0,0.0
101,Faya,SA,2022-02-06 00:15:40,18.3851,42.4509,50.11,75,12,2.59
102,Tagusao,PH,2022-02-06 00:15:41,9.1924,117.8141,78.73,81,80,6.2
103,Qostanay,KZ,2022-02-06 00:15:42,53.1667,63.5833,14.29,79,0,8.95
104,Beloha,MG,2022-02-06 00:15:43,-25.1667,45.05,73.62,91,100,20.13
105,Misratah,LY,2022-02-06 00:15:44,32.3754,15.0925,60.4,58,69,4.36
106,Fougamou,GA,2022-02-06 00:15:47,-1.2154,10.5838,72.97,99,29,1.68
107,Luderitz,NA,2022-02-06 00:15:48,-26.6481,15.1594,65.93,83,96,9.91
108,Sao Filipe,CV,2022-02-06 00:15:49,14.8961,-24.4956,73.09,72,0,9.24
109,Santa Cruz,BO,2022-02-06 00:14:45,-17.8,-63.1667,71.06,94,100,8.05
110,Bonanza,NI,2022-02-06 00:15:50,14.0289,-84.591,69.67,93,20,2.66
111,Upernavik,GL,2022-02-06 00:15:41,72.7868,-56.1549,-1.7,97,100,3.0
112,Nichinan,JP,2022-02-06 00:15:52,31.6,131.3667,40.68,57,5,9.64
113,Pangnirtung,CA,2022-02-06 00:15:53,66.1451,-65.7125,-30.98,98,100,3.67
114,Dunedin,NZ,2022-02-06 00:11:54,-45.8742,170.5036,53.8,68,68,8.01
115,Shcherbinka,RU,2022-02-06 00:15:54,55.4997,37.5597,10.69,92,75,6.71
116,Vila Franca Do Campo,PT,2022-02-06 00:15:55,37.7167,-25.4333,60.19,82,94,12.26
117,Talnakh,RU,2022-02-06 00:15:55,69.4865,88.3972,-16.6,100,100,2.84
118,Tombouctou,ML,2022-02-06 00:15:56,20.0,-3.0,63.77,11,72,8.55
119,Georgetown,MY,2022-02-06 00:15:21,5.4112,100.3354,79.9,89,20,2.3
120,Cape Town,ZA,2022-02-06 00:14:52,-33.9258,18.4232,69.12,68,0,1.01
121,Buala,SB,2022-02-06 00:15:58,-8.145,159.5921,85.96,72,98,8.81
122,Hofn,IS,2022-02-06 00:15:59,64.2539,-15.2082,29.35,65,73,16.53
123,Kapaa,US,2022-02-06 00:13:29,22.0752,-159.319,79.2,64,0,1.99
124,Lorengau,PG,2022-02-06 00:13:41,-2.0226,147.2712,84.16,70,95,7.76
125,Tuktoyaktuk,CA,2022-02-06 00:16:00,69.4541,-133.0374,-29.2,68,75,9.22
126,Kavaratti,IN,2022-02-06 00:12:00,10.5669,72.642,78.01,61,11,7.0
127,Ngunguru,NZ,2022-02-06 00:12:53,-35.6167,174.5,80.17,96,100,10.18
128,Beroroha,MG,2022-02-06 00:16:02,-21.6667,45.1667,74.34,84,100,14.74
129,Doha,QA,2022-02-06 00:16:03,25.2867,51.5333,62.58,46,0,11.5
130,Hami,CN,2022-02-06 00:14:49,42.8,93.45,26.31,28,100,9.17
131,Ostrovnoy,RU,2022-02-06 00:16:05,68.0531,39.5131,15.49,84,100,28.79
132,San Patricio,US,2022-02-06 00:13:03,28.017,-97.5169,50.72,42,0,5.39
133,Ribeira Grande,PT,2022-02-06 00:16:07,38.5167,-28.7,59.72,73,29,12.33
134,Berlevag,NO,2022-02-06 00:16:07,70.8578,29.0864,24.44,82,53,24.49
135,Dobryatino,RU,2022-02-06 00:16:08,55.5055,41.3195,-3.6,100,98,3.09
136,Ponta Do Sol,PT,2022-02-06 00:15:01,32.6667,-17.1,67.01,52,10,12.08
137,Bay City,US,2022-02-06 00:15:09,43.5945,-83.8889,22.1,73,100,4.0
138,Gravdal,NO,2022-02-06 00:16:10,68.1214,13.5031,38.43,74,95,22.46
139,Waitati,NZ,2022-02-06 00:17:11,-45.75,170.5667,53.8,68,38,6.58
140,Ahipara,NZ,2022-02-06 00:17:12,-35.1667,173.1667,79.07,70,99,5.19
141,Geraldton,AU,2022-02-06 00:14:16,-28.7667,114.6,77.41,78,100,12.66
142,Laguna,US,2022-02-06 00:17:14,38.421,-121.4238,67.05,44,0,3.0
143,Belaya Gora,RU,2022-02-06 00:12:16,68.5333,146.4167,-42.11,100,94,2.04
144,Provideniya,RU,2022-02-06 00:17:15,64.3833,-173.3,-1.68,82,2,11.27
145,Calabozo,VE,2022-02-06 00:17:16,8.9242,-67.4293,86.85,36,14,3.42
146,Khorramshahr,IR,2022-02-06 00:17:17,30.4397,48.1664,51.76,71,0,6.91
147,Griffith,US,2022-02-06 00:17:17,41.5284,-87.4237,15.62,74,0,4.0
148,Arraial Do Cabo,BR,2022-02-06 00:17:18,-22.9661,-42.0278,76.78,85,70,27.45
149,Sumkino,RU,2022-02-06 00:17:19,58.1108,68.3244,10.45,93,100,4.43
150,Petatlan,MX,2022-02-06 00:17:20,17.5167,-101.2667,84.0,57,0,4.23
151,Ancud,CL,2022-02-06 00:13:04,-41.8697,-73.8203,60.33,77,43,2.21
152,Padang,ID,2022-02-06 00:17:21,-0.9492,100.3543,71.65,93,100,3.36
153,Kahului,US,2022-02-06 00:13:05,20.8947,-156.47,84.22,67,40,21.85
154,Barrow,US,2022-02-06 00:14:35,71.2906,-156.7887,-18.38,69,0,11.5
155,Arlit,NE,2022-02-06 00:15:19,18.7369,7.3853,61.18,16,0,5.41
156,Airai,TL,2022-02-06 00:16:47,-8.9266,125.4092,68.41,74,82,1.9
157,Agadir,MA,2022-02-06 00:14:52,30.4202,-9.5982,61.25,47,74,5.1
158,Guerrero Negro,MX,2022-02-06 00:15:42,27.9769,-114.0611,66.56,29,0,12.41
159,Zyryanka,RU,2022-02-06 00:17:25,65.75,150.85,-36.2,98,52,2.89
160,San Clemente,US,2022-02-06 00:17:26,33.427,-117.612,75.38,29,25,4.0
161,Phonhong,LA,2022-02-06 00:17:26,18.5007,102.4166,64.22,89,100,1.72
162,Goderich,CA,2022-02-06 00:17:27,43.7501,-81.7165,15.91,73,95,8.05
163,Yuancheng,CN,2022-02-06 00:17:28,36.652,107.7896,17.62,89,100,8.21
164,Chicama,PE,2022-02-06 00:17:29,-7.8447,-79.1469,64.94,73,18,8.32
165,East London,ZA,2022-02-06 00:14:43,-33.0153,27.9116,69.8,87,100,17.31
166,Vestmannaeyjar,IS,2022-02-06 00:17:31,63.4427,-20.2734,28.24,76,87,17.22
167,Culasi,PH,2022-02-06 00:17:31,11.4272,122.056,78.71,78,100,17.69
168,Nalut,LY,2022-02-06 00:17:32,30.3333,10.85,54.61,21,99,11.21
169,Churapcha,RU,2022-02-06 00:17:33,62.0025,132.4325,-35.01,100,100,0.31
170,Te Anau,NZ,2022-02-06 00:17:34,-45.4167,167.7167,62.33,43,8,4.76
171,Luwingu,ZM,2022-02-06 00:17:35,-10.2621,29.9271,61.68,96,100,4.21
172,Vila Do Maio,CV,2022-02-06 00:17:36,15.1333,-23.2167,70.59,83,0,16.73
173,Araria,IN,2022-02-06 00:17:36,26.15,87.5167,51.67,88,0,0.78
174,Naze,JP,2022-02-06 00:13:03,28.3667,129.4833,50.43,68,100,15.32
175,Praia,CV,2022-02-06 00:17:37,14.9215,-23.5087,70.34,83,0,14.97
176,Vanimo,PG,2022-02-06 00:17:38,-2.6741,141.3028,82.94,74,100,2.71
177,Tazmalt,DZ,2022-02-06 00:17:39,36.3868,4.3989,49.42,95,100,4.68
178,Najran,SA,2022-02-06 00:14:47,17.4924,44.1277,61.45,59,0,4.56
179,Sola,VU,2022-02-06 00:17:41,-13.8833,167.55,82.35,80,99,20.38
180,Tasiilaq,GL,2022-02-06 00:14:44,65.6145,-37.6368,17.76,59,98,8.68
181,Kavieng,PG,2022-02-06 00:18:42,-2.5744,150.7967,83.64,73,86,7.43
182,Yenagoa,NG,2022-02-06 00:18:44,4.9247,6.2642,77.18,86,9,3.49
183,Porto Santo,PT,2022-02-06 00:18:45,33.072,-16.3415,66.31,82,40,26.46
184,San Pedro,PH,2022-02-06 00:16:53,14.35,121.0167,80.35,69,20,10.36
185,Saskylakh,RU,2022-02-06 00:18:46,71.9167,114.0833,-31.34,100,99,3.18
186,Kruisfontein,ZA,2022-02-06 00:18:47,-34.0033,24.7314,66.88,79,61,13.18
187,Pitimbu,BR,2022-02-06 00:18:48,-7.4706,-34.8086,81.19,70,68,8.88
188,Klaksvik,FO,2022-02-06 00:18:49,62.2266,-6.589,32.92,80,97,16.2
189,Komsomolskiy,UZ,2022-02-06 00:18:21,40.4272,71.7189,38.62,32,100,6.91
190,Hasaki,JP,2022-02-06 00:18:50,35.7333,140.8333,37.29,39,30,14.05
191,Thompson,CA,2022-02-06 00:18:51,55.7435,-97.8558,-12.84,70,75,4.61
192,Bosaso,SO,2022-02-06 00:18:52,11.2842,49.1816,71.55,78,96,3.74
193,Maldonado,UY,2022-02-06 00:18:53,-34.6667,-54.9167,65.59,86,74,10.11
194,Manta,EC,2022-02-06 00:18:54,-0.95,-80.7333,78.58,83,75,4.61
195,Yar-Sale,RU,2022-02-06 00:18:55,66.8333,70.8333,-13.77,100,85,3.15
196,Alice Springs,AU,2022-02-06 00:18:55,-23.7,133.8833,76.55,38,0,9.22
197,Sitka,US,2022-02-06 00:18:56,57.0531,-135.33,42.69,75,100,29.93
198,Ploemeur,FR,2022-02-06 00:18:57,47.7333,-3.4333,51.62,86,93,18.41
199,Tignere,CM,2022-02-06 00:18:58,7.3667,12.65,62.15,22,9,2.8
200,Buckeye,US,2022-02-06 00:15:00,33.3703,-112.5838,69.13,12,0,4.61
201,Ripoll,ES,2022-02-06 00:18:59,42.2006,2.1903,45.05,74,35,1.01
202,Aksu,CN,2022-02-06 00:19:00,41.1231,80.2644,22.5,76,90,4.74
203,Barcelos,PT,2022-02-06 00:19:01,41.5388,-8.6151,50.14,78,0,5.46
204,Nantong,CN,2022-02-06 00:19:01,32.0303,120.8747,39.02,50,72,2.48
205,Chokurdakh,RU,2022-02-06 00:17:14,70.6333,147.9167,-32.08,100,100,1.92
206,Pallasovka,RU,2022-02-06 00:19:03,50.05,46.8833,7.18,96,50,9.44
207,Mbini,GQ,2022-02-06 00:19:03,1.574,9.6134,78.31,86,98,6.96
208,Cidreira,BR,2022-02-06 00:16:01,-30.1811,-50.2056,74.16,91,100,4.18
209,Deputatskiy,RU,2022-02-06 00:14:45,69.3,139.9,-30.37,98,97,2.91
210,George Town,MY,2022-02-06 00:15:21,5.4112,100.3354,79.9,89,20,2.3
211,Villa Maria,AR,2022-02-06 00:19:06,-32.4075,-63.2402,62.85,58,56,7.76
212,Sakassou,CI,2022-02-06 00:19:07,7.4546,-5.2926,80.28,35,4,3.85
213,Umm Kaddadah,SD,2022-02-06 00:19:07,13.6017,26.6876,56.1,23,70,17.13
214,Tabas,IR,2022-02-06 00:19:09,33.5959,56.9244,44.22,62,0,1.61
215,Golden,US,2022-02-06 00:19:10,39.7555,-105.2211,44.08,35,20,11.5
216,Troitskoye,RU,2022-02-06 00:19:11,52.9821,84.6757,0.59,99,72,4.14
217,Sao Felix Do Xingu,BR,2022-02-06 00:19:11,-6.6447,-51.995,73.65,94,96,1.83
218,Cururupu,BR,2022-02-06 00:18:11,-1.8283,-44.8683,74.84,92,75,2.93
219,Hokitika,NZ,2022-02-06 00:19:12,-42.7167,170.9667,66.83,55,96,8.5
220,Santa Rosa,PH,2022-02-06 00:15:55,14.3122,121.1114,81.1,70,91,16.71
221,Mackay,AU,2022-02-06 00:15:22,-21.15,149.2,80.69,71,50,20.4
222,Ust-Nera,RU,2022-02-06 00:19:15,64.5667,143.2,-22.11,67,11,2.33
223,Ouadda,CF,2022-02-06 00:19:15,8.0777,22.4007,71.55,18,100,7.81
224,Rio Gallegos,AR,2022-02-06 00:19:16,-51.6226,-69.2181,66.25,42,75,16.11
225,Codrington,AU,2022-02-06 00:14:50,-38.2667,141.9667,73.49,44,58,10.02
226,Atar,MR,2022-02-06 00:19:17,20.5169,-13.0499,70.9,11,0,3.94
227,Mao,ES,2022-02-06 00:19:18,39.8885,4.2658,46.96,93,20,8.05
228,Anloga,GH,2022-02-06 00:20:19,5.7947,0.8973,80.96,83,0,6.8
229,Cayon,KN,2022-02-06 00:20:20,17.35,-62.7333,74.73,83,40,8.05
230,Mason City,US,2022-02-06 00:17:33,43.1536,-93.201,25.25,81,0,6.91
231,Loknya,RU,2022-02-06 00:20:22,56.83,30.1467,31.93,93,100,9.22
232,Castelnuovo Rangone,IT,2022-02-06 00:20:23,44.5513,10.935,49.93,92,0,1.88
233,Quime,BO,2022-02-06 00:20:24,-16.9833,-67.2167,52.18,96,100,3.04
234,Bandarbeyla,SO,2022-02-06 00:20:25,9.4942,50.8122,74.07,74,80,8.63
235,Namibe,AO,2022-02-06 00:20:25,-15.1961,12.1522,73.08,66,100,10.02
236,Ciudad Bolivar,VE,2022-02-06 00:20:26,8.1222,-63.5497,84.0,44,30,6.78
237,Grand Island,US,2022-02-06 00:20:27,40.925,-98.342,50.38,32,0,3.44
238,Muzaffarabad,PK,2022-02-06 00:20:29,34.37,73.4711,45.18,59,92,3.96
239,Jabinyanah,TN,2022-02-06 00:20:29,35.035,10.9081,53.4,81,93,7.58
240,Esperance,AU,2022-02-06 00:15:40,-33.8667,121.9,74.75,51,4,17.74
241,Ternate,ID,2022-02-06 00:20:31,0.8,127.4,81.16,80,100,9.33
242,Netrakona,BD,2022-02-06 00:20:31,24.8833,90.7167,53.35,81,1,1.66
243,Olinda,BR,2022-02-06 00:20:32,-8.0089,-34.8553,82.13,65,0,6.91
244,Leningradskiy,RU,2022-02-06 00:20:29,69.3833,178.4167,-21.21,96,24,3.47
245,Conway,US,2022-02-06 00:20:33,35.0887,-92.4421,37.65,58,0,1.01
246,Ketchikan,US,2022-02-06 00:20:34,55.3422,-131.6461,46.38,65,100,16.11
247,Higueron,MX,2022-02-06 00:20:34,18.5833,-99.1667,83.37,30,0,3.22
248,Zhangjiakou,CN,2022-02-06 00:20:35,40.81,114.8794,10.11,66,2,4.54
249,Pittsburg,US,2022-02-06 00:18:45,38.028,-121.8847,67.05,41,0,3.0
250,Tiksi,RU,2022-02-06 00:20:36,71.6872,128.8694,-22.04,98,97,6.46
251,Arawa,PG,2022-02-06 00:20:37,-6.2132,155.5367,88.11,64,60,6.06
252,Dubbo,AU,2022-02-06 00:16:27,-32.25,148.6167,71.73,49,100,17.27
253,Majene,ID,2022-02-06 00:20:38,-3.5403,118.9707,79.36,81,95,3.87
254,Chuy,UY,2022-02-06 00:17:11,-33.6971,-53.4616,66.36,90,55,10.16
255,Acapulco,MX,2022-02-06 00:20:15,16.8634,-99.8901,82.22,74,0,9.22
256,Bubaque,GW,2022-02-06 00:20:40,11.2833,-15.8333,78.01,71,0,13.78
257,Basoko,CD,2022-02-06 00:20:42,1.2391,23.616,72.43,65,100,1.5
258,Qiongshan,CN,2022-02-06 00:20:42,20.0058,110.3542,64.38,88,75,8.95
259,Vitim,RU,2022-02-06 00:20:43,59.4511,112.5578,9.16,96,100,5.39
260,Shambu,ET,2022-02-06 00:20:44,9.5667,37.1,50.2,54,68,0.47
261,Gloggnitz,AT,2022-02-06 00:20:45,47.6749,15.9389,35.87,81,61,4.52
262,Nyurba,RU,2022-02-06 00:20:45,63.2842,118.3319,-24.14,100,90,2.19
263,Jalu,LY,2022-02-06 00:20:46,29.0331,21.5482,54.97,49,0,5.28
264,Port-Cartier,CA,2022-02-06 00:20:47,50.0334,-66.8654,1.74,83,27,8.99
265,Manavalakurichi,IN,2022-02-06 00:20:47,8.1333,77.3,78.89,85,71,10.69
266,Horsham,GB,2022-02-06 00:20:48,51.064,-0.3272,51.31,79,40,18.41
267,Sterling,US,2022-02-06 00:20:49,39.0062,-77.4286,30.33,54,0,1.01
268,Lebu,CL,2022-02-06 00:17:06,-37.6167,-73.65,59.47,80,0,19.37
269,Praia Da Vitoria,PT,2022-02-06 00:20:52,38.7333,-27.0667,57.76,94,75,16.15
270,Adrar,MR,2022-02-06 00:20:53,20.5022,-10.0711,65.55,7,0,8.9
271,Craig,US,2022-02-06 00:20:54,40.5153,-107.5464,34.56,58,0,3.44
272,Porto Belo,BR,2022-02-06 00:20:54,-27.1578,-48.5531,78.26,90,78,6.82
273,Nikolskoye,RU,2022-02-06 00:21:56,59.7035,30.7861,26.87,96,100,6.6
274,Dapaong,TG,2022-02-06 00:21:56,10.8639,0.205,73.31,15,1,6.44
275,Kandalaksha,RU,2022-02-06 00:21:57,67.162,32.4123,18.32,95,100,9.22
276,Pochutla,MX,2022-02-06 00:21:59,15.7432,-96.4661,84.02,50,13,5.88
277,Jaguey Grande,CU,2022-02-06 00:21:43,22.5269,-81.1286,72.25,56,20,10.92
278,Isangel,VU,2022-02-06 00:22:01,-19.55,169.2667,82.33,85,87,15.3
279,Grants Pass,US,2022-02-06 00:22:02,42.439,-123.3284,59.81,50,0,1.01
280,Aswan,EG,2022-02-06 00:22:03,24.0934,32.907,51.24,51,0,11.63
281,Bull Savanna,JM,2022-02-06 00:22:03,17.8868,-77.5902,72.43,69,32,1.99
282,Thinadhoo,MV,2022-02-06 00:21:31,0.5333,72.9333,81.63,71,21,7.02
283,Evensk,RU,2022-02-06 00:22:05,61.95,159.2333,16.88,45,26,23.13
284,Lasa,IT,2022-02-06 00:22:06,46.6166,10.7002,36.86,43,3,3.04
285,Edgewater,US,2022-02-06 00:22:07,28.9889,-80.9023,59.09,94,75,11.5
286,Mahebourg,MU,2022-02-06 00:18:27,-20.4081,57.7,79.25,89,40,11.5
287,Lowestoft,GB,2022-02-06 00:22:09,52.4752,1.7516,50.25,83,100,29.3
288,Charters Towers,AU,2022-02-06 00:22:10,-20.1,146.2667,80.94,50,2,12.75
289,Kidal,ML,2022-02-06 00:17:29,18.4411,1.4078,61.97,15,0,9.86
290,Cocorit,MX,2022-02-06 00:22:11,27.5833,-109.9667,71.94,25,0,12.88
291,Tautira,PF,2022-02-06 00:21:01,-17.7333,-149.15,86.02,74,34,19.98
292,Bela,IN,2022-02-06 00:22:12,25.9333,81.9833,47.75,89,0,3.71
293,Orange Walk,BZ,2022-02-06 00:22:14,17.8333,-88.8333,76.86,94,52,3.27
294,Manacapuru,BR,2022-02-06 00:22:15,-3.2997,-60.6206,79.38,91,67,2.19
295,Vao,NC,2022-02-06 00:18:19,-22.6667,167.4833,80.38,85,41,10.09
296,Moose Factory,CA,2022-02-06 00:22:16,51.2585,-80.6094,-9.4,70,0,2.3
297,Kosh-Agach,RU,2022-02-06 00:22:16,50.0,88.6667,-24.93,86,70,2.51
298,Nome,US,2022-02-06 00:22:02,64.5011,-165.4064,-0.33,65,0,0.0
299,Tarut,SA,2022-02-06 00:22:17,26.5733,50.0369,62.58,47,0,16.26
300,Gamba,GA,2022-02-06 00:17:33,-2.65,10.0,76.39,87,45,4.74
301,Ust-Tsilma,RU,2022-02-06 00:22:19,65.441,52.1498,-7.06,99,91,4.16
302,Labuhan,ID,2022-02-06 00:22:20,-6.8844,112.2051,79.09,86,86,11.99
303,Itarema,BR,2022-02-06 00:22:21,-2.9248,-39.9167,79.2,80,8,10.76
304,Batagay,RU,2022-02-06 00:22:22,67.6333,134.6333,-42.45,99,100,1.52
305,Kamaishi,JP,2022-02-06 00:22:23,39.2667,141.8833,23.95,55,46,12.37
306,Langres,FR,2022-02-06 00:22:24,47.8333,5.3333,33.19,89,32,8.95
307,Uusikaupunki,FI,2022-02-06 00:22:24,60.8004,21.4084,28.92,96,6,8.37
308,College,US,2022-02-06 00:22:25,64.8569,-147.8028,15.21,80,100,0.0
309,Malanje,AO,2022-02-06 00:22:26,-9.5402,16.341,62.22,97,100,2.75
310,Hobyo,SO,2022-02-06 00:21:04,5.3505,48.5268,75.07,72,5,10.36
311,Portland,US,2022-02-06 00:20:24,45.5234,-122.6762,53.58,74,75,1.99
312,Pacific Grove,US,2022-02-06 00:18:27,36.6177,-121.9166,66.58,56,0,3.0
313,Carutapera,BR,2022-02-06 00:22:28,-1.195,-46.02,75.45,93,100,5.53
314,Saint-Philippe,RE,2022-02-06 00:22:29,-21.3585,55.7679,78.39,83,100,19.08
315,Tocopilla,CL,2022-02-06 00:22:29,-22.092,-70.1979,70.9,67,18,8.59
316,Bayshore Gardens,US,2022-02-06 00:22:31,27.4253,-82.5904,62.15,66,100,11.5
317,Poum,NC,2022-02-06 00:21:34,-20.2333,164.0167,78.76,87,100,7.27
318,Konibodom,TJ,2022-02-06 00:22:32,40.2843,70.4426,44.37,35,100,6.44
319,La Paz,BO,2022-02-06 00:22:34,-16.5,-68.15,51.78,76,75,12.66
320,Vilyuysk,RU,2022-02-06 00:23:35,63.7553,121.6247,-21.53,100,97,2.64
321,Cacoal,BR,2022-02-06 00:23:35,-11.4386,-61.4472,74.21,95,64,3.85
322,Pfarrkirchen,DE,2022-02-06 00:23:36,48.432,12.9381,37.11,79,66,8.41
323,Kumluca,TR,2022-02-06 00:23:37,36.3703,30.2869,40.68,64,9,6.49
324,Bethanien,NA,2022-02-06 00:23:38,-26.502,17.1583,83.08,31,78,8.32
325,Ust-Charyshskaya Pristan,RU,2022-02-06 00:23:38,52.3934,83.6635,-8.68,100,53,3.38
326,Mukhen,RU,2022-02-06 00:23:39,48.1,136.1,-0.49,91,99,3.44
327,Constitucion,CL,2022-02-06 00:23:40,-35.3333,-72.4167,61.29,73,1,13.02
328,Palmer,US,2022-02-06 00:23:40,42.1584,-72.3287,19.54,66,0,3.0
329,Tabuk,PH,2022-02-06 00:23:41,17.4189,121.4443,69.13,93,100,2.57
330,Mahon,ES,2022-02-06 00:19:18,39.8885,4.2658,46.96,93,20,8.05
331,De-Kastri,RU,2022-02-06 00:23:42,51.4667,140.7833,5.63,91,100,12.91
332,Nicoya,CR,2022-02-06 00:23:43,10.1483,-85.452,81.95,50,5,16.28
333,Nabire,ID,2022-02-06 00:23:44,-3.3667,135.4833,81.57,77,100,1.72
334,Plettenberg Bay,ZA,2022-02-06 00:23:45,-34.0527,23.3716,66.78,86,23,9.4
335,Oranjestad,AW,2022-02-06 00:20:58,12.524,-70.027,78.75,73,20,13.8
336,Quang Ngai,VN,2022-02-06 00:23:47,15.1167,108.8,69.55,91,94,3.76
337,Makakilo City,US,2022-02-06 00:19:22,21.3469,-158.0858,82.15,61,20,5.75
338,Bonavista,CA,2022-02-06 00:23:48,48.6499,-53.1147,43.12,98,100,12.39
339,Contamana,PE,2022-02-06 00:23:49,-7.3333,-75.0167,82.47,59,97,3.11
340,Mpraeso,GH,2022-02-06 00:23:50,6.5932,-0.7346,72.32,81,16,2.62
341,Kamenka,RU,2022-02-06 00:23:51,51.3223,42.7678,-8.34,100,81,5.26
342,Ambulu,ID,2022-02-06 00:23:52,-8.345,113.6058,78.49,85,50,2.1
343,Zvishavane,ZW,2022-02-06 00:23:53,-20.3267,30.0665,63.81,93,40,8.46
344,Fort Nelson,CA,2022-02-06 00:23:53,58.8053,-122.7002,6.39,72,75,0.0
345,Teya,RU,2022-02-06 00:21:17,60.3778,92.6267,9.16,95,100,4.07
346,Wenatchee,US,2022-02-06 00:22:09,47.4235,-120.3103,49.84,70,42,1.5
347,Port-Gentil,GA,2022-02-06 00:23:57,-0.7193,8.7815,79.2,82,8,11.97
348,Olafsvik,IS,2022-02-06 00:23:58,64.8945,-23.7142,31.37,77,100,35.57
349,Fuxin,CN,2022-02-06 00:23:59,42.0156,121.6589,14.43,57,0,7.09
350,Coihaique,CL,2022-02-06 00:22:42,-45.5752,-72.0662,62.55,59,0,0.0
351,Terney,RU,2022-02-06 00:24:00,45.0503,136.6092,5.67,71,67,13.15
352,Ileza,RU,2022-02-06 00:24:01,61.0533,43.9002,4.23,97,88,5.46
353,Peniche,PT,2022-02-06 00:20:34,39.3558,-9.3811,53.74,84,0,11.95
354,Didsbury,GB,2022-02-06 00:20:39,53.417,-2.2315,50.02,85,100,5.99
355,Cuaspud,CO,2022-02-06 00:24:03,0.8628,-77.7263,51.55,96,96,2.3
356,Pimenta Bueno,BR,2022-02-06 00:24:04,-11.6725,-61.1936,74.17,96,47,2.3
357,Saurimo,AO,2022-02-06 00:24:05,-9.6608,20.3916,62.42,96,73,3.11
358,Damara,CF,2022-02-06 00:24:05,4.9608,18.7035,67.42,24,97,3.71
359,Mogzon,RU,2022-02-06 00:24:06,51.7435,111.9606,-14.19,100,100,2.46
360,Kattivakkam,IN,2022-02-06 00:24:07,13.2167,80.3167,79.07,82,98,7.43
361,Lata,PT,2022-02-06 00:19:37,40.1629,-8.3327,47.05,79,0,4.23
362,Darhan,MN,2022-02-06 00:24:08,49.4867,105.9228,-6.66,92,76,6.29
363,Moron,AR,2022-02-06 00:24:09,-34.6534,-58.6198,64.96,85,53,9.95
364,Sudak,UA,2022-02-06 00:24:10,44.85,34.9667,40.62,84,100,11.59
365,Shubarshi,KZ,2022-02-06 00:24:11,48.5872,57.1869,24.44,98,100,1.48
366,Kasane,BW,2022-02-06 00:24:12,-17.8167,25.15,65.59,97,86,8.21
367,Kurilsk,RU,2022-02-06 00:25:13,45.2333,147.8833,22.6,86,100,15.41
368,Port Macquarie,AU,2022-02-06 00:21:35,-31.4333,152.9167,72.9,63,96,16.15
369,Krasnaya Gorka,RU,2022-02-06 00:25:14,55.1962,56.6673,15.4,96,98,2.53
370,Mutsu,JP,2022-02-06 00:25:14,41.2894,141.2169,25.0,73,77,14.27
371,Bongandanga,CD,2022-02-06 00:25:15,1.5,21.05,71.53,43,92,1.36
372,Vila Velha,BR,2022-02-06 00:24:29,-20.3297,-40.2925,76.95,87,20,3.0
373,Mtwara,TZ,2022-02-06 00:25:18,-10.2667,40.1833,75.81,84,100,7.25
374,Atikokan,CA,2022-02-06 00:25:19,48.7555,-91.6216,9.52,95,100,4.85
375,Magnitka,RU,2022-02-06 00:25:19,55.3475,59.6961,14.25,95,100,4.25
376,Zlobin,HR,2022-02-06 00:25:21,45.2924,14.6541,38.5,71,0,6.91
377,Todos Santos,MX,2022-02-06 00:25:22,23.45,-110.2167,71.11,55,2,6.08
378,Jumla,NP,2022-02-06 00:21:41,29.2747,82.1838,25.23,50,0,6.22
379,Asifabad,IN,2022-02-06 00:25:23,19.3667,79.2833,59.16,29,7,2.26
380,Luba,GQ,2022-02-06 00:25:24,3.4568,8.5547,76.89,79,33,4.36
381,Chapais,CA,2022-02-06 00:25:25,49.7834,-74.8492,-6.02,99,84,3.47
382,Coachella,US,2022-02-06 00:25:26,33.6803,-116.1739,75.15,8,0,5.01
383,Luanda,AO,2022-02-06 00:25:26,-8.8368,13.2343,77.0,83,20,6.91
384,Gasa,PS,2022-02-06 00:25:28,31.5,34.4667,49.98,66,87,10.54
385,Erenhot,CN,2022-02-06 00:25:29,43.6475,111.9767,2.37,88,5,7.56
386,Malakal,SS,2022-02-06 00:25:29,9.5334,31.6605,69.91,17,19,9.46
387,Tilichiki,RU,2022-02-06 00:25:30,60.4667,166.1,-4.07,76,23,8.59
388,Katsuura,JP,2022-02-06 00:25:31,35.1333,140.3,44.19,46,5,13.24
389,Lichinga,MZ,2022-02-06 00:25:31,-13.3128,35.2406,64.49,100,100,5.75
390,Khani,GE,2022-02-06 00:25:32,41.9563,42.9566,24.37,95,100,3.6
391,Mehamn,NO,2022-02-06 00:22:06,71.0357,27.8492,20.23,85,48,14.65
392,La Ronge,CA,2022-02-06 00:24:10,55.1001,-105.2842,-3.75,71,100,1.14
393,Prieska,ZA,2022-02-06 00:25:34,-29.6641,22.7474,77.22,36,2,4.27
394,Urucui,BR,2022-02-06 00:25:35,-7.2294,-44.5561,78.44,83,78,2.19
395,Druzhba,UA,2022-02-06 00:25:37,52.0428,33.9453,31.32,94,100,15.21
396,Richards Bay,ZA,2022-02-06 00:25:37,-28.783,32.0377,71.65,83,92,7.65
397,Tuatapere,NZ,2022-02-06 00:25:35,-46.1333,167.6833,56.82,64,98,6.64
398,Natal,BR,2022-02-06 00:23:11,-5.795,-35.2094,81.25,78,0,5.75
399,Venezuela,VE,2022-02-06 00:25:40,8.0,-66.0,87.48,41,40,7.96
400,Gillette,US,2022-02-06 00:25:41,44.2911,-105.5022,35.02,77,75,8.01
401,Srandakan,ID,2022-02-06 00:25:41,-7.9386,110.2506,67.73,81,42,4.45
402,Okakarara,NA,2022-02-06 00:25:42,-20.5833,17.4333,65.21,91,97,7.18
403,Baruun-Urt,MN,2022-02-06 00:24:26,46.6806,113.2792,-3.57,91,8,5.82
404,Wadi Maliz,TN,2022-02-06 00:25:43,36.4681,8.5495,48.65,88,98,3.94
405,Tari,NG,2022-02-06 00:25:44,12.4086,4.4914,68.34,15,0,12.91
406,De Aar,ZA,2022-02-06 00:25:45,-30.6497,24.0123,70.45,49,6,15.73
407,Phaltan,IN,2022-02-06 00:25:45,17.9833,74.4333,64.08,42,40,4.41
408,Touros,BR,2022-02-06 00:21:32,-5.1989,-35.4608,81.5,70,27,11.92
409,Channahon,US,2022-02-06 00:25:48,41.4295,-88.2287,14.81,76,0,11.5
410,Trinidad,BO,2022-02-06 00:25:48,-14.8333,-64.9,76.21,94,96,2.75
411,Aleysk,RU,2022-02-06 00:25:49,52.4926,82.7822,-7.64,100,68,4.52
412,Coquimbo,CL,2022-02-06 00:23:57,-29.9533,-71.3436,66.13,82,2,5.53
413,Villarrica,PY,2022-02-06 00:25:50,-25.75,-56.4333,72.72,91,91,3.31
414,Cabo San Lucas,MX,2022-02-06 00:25:05,22.8909,-109.9124,71.62,63,0,5.01
415,Longyearbyen,SJ,2022-02-06 00:26:53,78.2186,15.6401,10.24,61,20,20.71
416,Sorland,NO,2022-02-06 00:26:54,67.667,12.6934,38.61,77,88,25.46
417,Moussoro,TD,2022-02-06 00:26:55,13.6408,16.4901,62.24,17,0,14.03
418,Victoria,HK,2022-02-06 00:23:54,22.2855,114.1577,61.25,80,95,1.01
419,Yulara,AU,2022-02-06 00:23:44,-25.2406,130.9889,82.24,26,0,12.66
420,San-Pedro,CI,2022-02-06 00:26:58,4.7485,-6.6363,79.02,89,7,4.25
421,Antofagasta,CL,2022-02-06 00:25:06,-23.65,-70.4,66.99,78,5,3.6
422,Farmington,US,2022-02-06 00:23:47,36.7281,-108.2187,42.21,27,0,17.27
423,Huicheng,CN,2022-02-06 00:27:01,23.0385,116.2899,55.35,75,98,16.71
424,Bilibino,RU,2022-02-06 00:27:02,68.0546,166.4372,-13.61,87,11,4.5
425,Nakasongola,UG,2022-02-06 00:27:02,1.3089,32.4564,65.79,79,100,4.38
426,Sayyan,YE,2022-02-06 00:27:03,15.1718,44.3244,56.26,56,85,4.14
427,Masvingo,ZW,2022-02-06 00:27:04,-20.0637,30.8277,61.86,96,22,7.92
428,Oranzherei,RU,2022-02-06 00:27:05,45.8476,47.5663,28.36,72,94,16.91
429,Dicabisagan,PH,2022-02-06 00:27:05,17.0818,122.4157,73.58,88,97,9.42
430,Agadez,NE,2022-02-06 00:27:06,19.75,10.25,53.91,26,0,2.42
431,Palmas De Monte Alto,BR,2022-02-06 00:27:07,-14.2672,-43.1619,71.74,77,100,6.98
432,Saint-Augustin,CA,2022-02-06 00:27:08,51.226,-58.6502,1.87,93,100,19.39
433,Rosarito,MX,2022-02-06 00:27:09,32.3333,-117.0333,70.48,30,1,9.35
434,Avera,US,2022-02-06 00:27:09,33.194,-82.5271,42.71,43,2,6.11
435,Ken Caryl,US,2022-02-06 00:27:10,39.5773,-105.1169,43.75,74,26,4.45
436,Atasu,KZ,2022-02-06 00:27:11,48.6814,71.6433,13.19,67,2,15.17
437,Gazojak,TM,2022-02-06 00:27:11,41.1875,61.4036,39.27,95,99,22.44
438,Mount Barker,AU,2022-02-06 00:27:12,-35.0667,138.8667,82.02,37,70,13.06
439,Namatanai,PG,2022-02-06 00:27:13,-3.6667,152.4333,85.46,65,96,11.23
440,Ishigaki,JP,2022-02-06 00:27:14,24.3448,124.1572,62.73,72,75,18.41
441,Sainte-Anne-Des-Monts,CA,2022-02-06 00:25:14,49.124,-66.4924,8.47,61,100,17.27
442,Bambanglipuro,ID,2022-02-06 00:27:15,-7.95,110.2833,67.6,81,45,4.45
443,Kasangulu,CD,2022-02-06 00:27:16,-4.5911,15.1708,77.88,96,57,2.95
444,Lagoa,PT,2022-02-06 00:24:25,39.05,-27.9833,58.64,73,9,16.49
445,Birao,CF,2022-02-06 00:27:17,10.2849,22.7882,69.57,17,92,10.94
446,Brae,GB,2022-02-06 00:27:18,60.3964,-1.353,37.31,56,99,35.05
447,Vincennes,FR,2022-02-06 00:27:18,48.85,2.4333,46.35,79,0,5.01
448,Kemin,KG,2022-02-06 00:25:48,42.7846,75.6892,24.22,48,35,12.66
449,Karpogory,RU,2022-02-06 00:27:20,64.0019,44.4451,1.49,94,34,7.45
450,Kirakira,SB,2022-02-06 00:27:21,-10.4544,161.9205,85.06,74,89,7.83
451,Chimbote,PE,2022-02-06 00:27:22,-9.0853,-78.5783,71.2,81,26,9.01
452,Port Lincoln,AU,2022-02-06 00:27:23,-34.7333,135.8667,77.38,49,90,17.02
453,Dingle,PH,2022-02-06 00:27:24,10.9995,122.6711,78.15,79,82,15.01
454,Katherine,AU,2022-02-06 00:27:24,-14.4667,132.2667,79.12,78,99,8.05
455,Trabzon,TR,2022-02-06 00:27:25,40.9167,39.8333,35.69,60,75,2.3
456,Kula,TR,2022-02-06 00:27:26,38.5473,28.6498,34.12,58,45,0.63
457,Ixtapa,MX,2022-02-06 00:27:27,20.7,-105.2,74.43,73,40,11.5
458,Abha,SA,2022-02-06 00:27:27,18.2164,42.5053,49.82,87,0,0.0
459,Westport,US,2022-02-06 00:27:28,41.1415,-73.3579,25.32,65,0,1.99
460,Dublin,US,2022-02-06 00:27:29,37.7021,-121.9358,65.82,42,0,4.0
461,Kysyl-Syr,RU,2022-02-06 00:28:29,63.8986,122.7617,-24.32,100,97,2.82
462,Ossora,RU,2022-02-06 00:28:30,59.2353,163.0719,14.25,88,100,10.6
463,Chippewa Falls,US,2022-02-06 00:28:31,44.9369,-91.3929,20.34,61,0,5.75
464,Masumbwe,TZ,2022-02-06 00:28:31,-3.6333,32.1833,63.25,95,100,2.57
465,Kovdor,RU,2022-02-06 00:28:32,67.5662,30.4758,18.05,88,100,8.79
466,Kokoda,PG,2022-02-06 00:28:33,-8.8785,147.7407,83.71,63,100,0.78
467,Chambersburg,US,2022-02-06 00:28:34,39.9376,-77.6611,25.41,60,70,1.99
468,Peringat,MY,2022-02-06 00:28:34,6.0333,102.2833,78.75,83,40,4.61
469,Nieuw Amsterdam,SR,2022-02-06 00:28:35,5.8833,-55.0833,77.02,94,40,2.3
470,Pimentel,PE,2022-02-06 00:28:36,-6.8367,-79.9342,70.47,82,22,14.63
471,Muhos,FI,2022-02-06 00:28:37,64.808,25.9931,24.89,93,100,9.01
472,Pemba,MZ,2022-02-06 00:26:56,-12.974,40.5178,76.87,84,88,7.25
473,Angola,AO,2022-02-06 00:28:39,-12.5,18.5,58.33,90,98,3.74
474,Chapleau,CA,2022-02-06 00:28:41,47.8405,-83.4034,10.49,79,100,4.61
475,Delta Del Tigre,UY,2022-02-06 00:28:42,-34.7633,-56.3853,67.19,83,82,8.01
476,Villa Carlos Paz,AR,2022-02-06 00:28:42,-31.4241,-64.4978,64.38,36,58,4.0
477,Vanderhoof,CA,2022-02-06 00:28:43,54.0166,-124.0198,37.08,85,83,6.22
478,Yumen,CN,2022-02-06 00:23:59,40.2833,97.2,15.22,42,100,13.96
479,Parga,GR,2022-02-06 00:28:44,39.2831,20.3964,48.2,73,100,5.5
480,Souillac,MU,2022-02-06 00:28:45,-20.5167,57.5167,79.36,89,40,11.5
481,Ambon,ID,2022-02-06 00:28:32,-3.6954,128.1814,86.14,70,40,11.5
482,Monte Carmelo,BR,2022-02-06 00:28:46,-18.7247,-47.4986,70.29,88,84,2.91
483,Verkhnyaya Inta,RU,2022-02-06 00:28:47,65.9811,60.3094,-11.79,93,15,3.69
484,Purranque,CL,2022-02-06 00:23:53,-40.9167,-73.1667,62.28,50,17,6.58
485,Bud,US,2022-02-06 00:28:48,39.447,-86.1758,20.35,84,11,6.26
486,Tecoanapa,MX,2022-02-06 00:28:49,16.5167,-98.75,80.82,61,0,8.23
487,Bafra,TR,2022-02-06 00:28:50,41.5678,35.9069,38.98,64,94,8.48
488,Fort Saint James,CA,2022-02-06 00:28:50,54.4333,-124.25,35.62,87,82,6.6
489,Samarai,PG,2022-02-06 00:28:51,-10.6167,150.6667,83.88,72,100,6.67
490,Tual,ID,2022-02-06 00:28:52,-5.6667,132.75,83.32,74,92,7.52
491,Yazman,PK,2022-02-06 00:28:53,29.1212,71.7446,57.67,40,1,9.91
492,Estevan,CA,2022-02-06 00:28:54,49.1334,-102.9842,32.34,93,100,10.85
493,Eyl,SO,2022-02-06 00:24:01,7.9803,49.8164,71.37,78,11,6.73
494,Sao Joao Da Barra,BR,2022-02-06 00:28:55,-21.6403,-41.0511,77.47,84,17,26.04
495,Hailar,CN,2022-02-06 00:28:56,49.2,119.7,-12.35,93,82,4.94
496,Bolshaya Dzhalga,RU,2022-02-06 00:28:57,45.9695,42.6966,25.88,87,40,9.64
497,Norman Wells,CA,2022-02-06 00:28:58,65.282,-126.8329,-18.36,63,75,0.0
498,Pokrovsk,UA,2022-02-06 00:28:59,48.282,37.1758,21.79,96,98,7.52
499,Saryozek,KZ,2022-02-06 00:28:59,44.3583,77.9753,25.34,48,0,12.82
500,Wageningen,NL,2022-02-06 00:29:00,51.9667,5.6667,47.89,93,75,21.85
501,Vanavara,RU,2022-02-06 00:29:01,60.34,102.2797,15.26,91,100,10.65
502,Kalachinsk,RU,2022-02-06 00:29:01,55.0529,74.5751,4.53,86,100,8.12
503,Banda Aceh,ID,2022-02-06 00:29:02,5.5577,95.3222,78.84,75,96,5.91
504,Sinnamary,GF,2022-02-06 00:29:04,5.3833,-52.95,76.69,89,75,10.13
505,Waingapu,ID,2022-02-06 00:26:35,-9.6567,120.2641,81.75,77,93,6.22
506,Teguise,ES,2022-02-06 00:30:06,29.0605,-13.564,62.82,72,0,12.66
507,Sainte-Suzanne,RE,2022-02-06 00:30:07,-20.9061,55.6089,79.02,94,75,16.11
508,Jaca,ES,2022-02-06 00:30:08,42.569,-0.5499,30.4,67,1,4.14
509,Lilongwe,MW,2022-02-06 00:30:09,-13.9669,33.7873,63.1,97,100,2.91
510,Ambanja,MG,2022-02-06 00:30:10,-13.6833,48.45,71.13,91,79,3.51
511,Tarata,BO,2022-02-06 00:30:11,-17.6167,-66.0167,54.82,82,100,2.84
512,Uba,BR,2022-02-06 00:26:19,-21.12,-42.9428,72.86,99,100,3.76
513,Grindavik,IS,2022-02-06 00:29:12,63.8424,-22.4338,27.07,74,75,14.97
514,Lamu,KE,2022-02-06 00:30:14,-2.2717,40.902,77.22,89,100,7.49
515,Bandraboua,YT,2022-02-06 00:30:15,-12.7044,45.1223,82.08,74,97,15.26
516,Pisco,PE,2022-02-06 00:28:12,-13.7,-76.2167,69.85,83,0,8.05
517,Urengoy,RU,2022-02-06 00:30:16,65.9667,78.3667,-21.26,100,99,4.23
518,San Quintin,MX,2022-02-06 00:30:17,30.4833,-115.95,59.76,36,0,6.4
519,Korcula,HR,2022-02-06 00:30:18,42.9622,17.1369,39.76,69,6,6.31
520,Flinders,AU,2022-02-06 00:30:18,-34.5833,150.8552,73.2,70,96,11.01
521,Roald,NO,2022-02-06 00:30:20,62.5833,6.1333,37.0,87,75,25.32
522,Nanakuli,US,2022-02-06 00:30:20,21.3906,-158.1547,83.57,60,20,5.75
523,Ust-Omchug,RU,2022-02-06 00:30:21,61.15,149.6333,-12.53,74,92,3.98
524,Kilosa,TZ,2022-02-06 00:30:22,-6.8333,36.9833,71.33,78,100,3.94
525,Yilan,TW,2022-02-06 00:30:23,24.757,121.753,58.82,93,100,7.92
526,Muscat,OM,2022-02-06 00:30:24,23.6139,58.5922,66.22,45,0,4.43
527,Goma,CD,2022-02-06 00:30:24,-1.6792,29.2228,63.19,82,98,3.09
528,Tawau,MY,2022-02-06 00:30:25,4.2498,117.8871,78.93,88,100,1.99
529,Saint Andrews,US,2022-02-06 00:30:27,34.0454,-81.1293,44.33,45,0,6.91
530,Brooks,CA,2022-02-06 00:30:28,50.5834,-111.8851,41.63,70,100,11.5
531,Bella Vista,US,2022-02-06 00:30:28,36.4295,-94.2316,38.32,50,0,6.91
532,Kieta,PG,2022-02-06 00:26:04,-6.2167,155.6333,86.65,67,56,8.99
533,Antalaha,MG,2022-02-06 00:30:30,-14.9003,50.2788,77.09,77,100,3.53
534,Sisimiut,GL,2022-02-06 00:30:30,66.9395,-53.6735,1.99,94,100,9.17
535,Melnikovo,RU,2022-02-06 00:30:31,56.5558,84.085,8.87,90,100,5.79
536,Carballo,ES,2022-02-06 00:30:32,43.213,-8.691,45.86,91,15,2.89
537,Oranjemund,NA,2022-02-06 00:30:33,-28.55,16.4333,66.42,82,99,5.57
538,La Union,PE,2022-02-06 00:30:33,-5.4,-80.75,74.77,65,8,14.83
539,Grand-Lahou,CI,2022-02-06 00:30:34,5.1367,-5.0242,78.91,86,4,7.45
540,Tono,JP,2022-02-06 00:30:35,39.3167,141.5333,20.23,81,99,11.9
541,Petropavlovka,RU,2022-02-06 00:30:36,50.6114,105.3196,1.36,90,95,4.32
542,Muros,ES,2022-02-06 00:30:38,42.7762,-9.0603,48.24,77,7,10.11
543,Asau,RO,2022-02-06 00:30:39,46.4333,26.4,30.96,94,23,5.95
544,Lahij,YE,2022-02-06 00:30:40,13.1667,44.5833,71.13,62,62,1.99
545,Hamilton,US,2022-02-06 00:30:30,39.1834,-84.5333,21.04,82,0,1.01
546,Gigmoto,PH,2022-02-06 00:30:41,13.7796,124.39,78.04,82,36,16.44
547,Etropole,BG,2022-02-06 00:30:42,42.8333,24.0,37.35,84,5,1.12
548,Ushtobe,KZ,2022-02-06 00:30:43,45.2514,77.9838,15.06,79,4,7.92
549,Broome,US,2022-02-06 00:26:34,42.2506,-75.833,11.01,66,0,4.61
550,Kozuchow,PL,2022-02-06 00:30:44,51.7456,15.5949,39.67,79,100,16.06
551,Dakar,SN,2022-02-06 00:30:45,14.6937,-17.4441,70.68,88,0,4.61
552,Pinotepa Nacional,MX,2022-02-06 00:30:45,16.3167,-98.0167,73.29,70,0,1.86
553,Red Wing,US,2022-02-06 00:27:41,44.5625,-92.5338,24.39,70,100,8.01
554,Grants,US,2022-02-06 00:31:47,35.1473,-107.8514,39.43,33,0,9.22
555,Beringovskiy,RU,2022-02-06 00:31:47,63.05,179.3167,-7.96,92,84,14.14
556,Reconquista,AR,2022-02-06 00:31:49,-29.15,-59.65,74.52,40,0,9.98
557,Waipawa,NZ,2022-02-06 00:31:50,-41.4122,175.5153,54.45,93,100,13.11
558,Henties Bay,NA,2022-02-06 00:31:50,-22.116,14.2845,66.85,80,97,3.49
